pattern,response
what is the meaning of life?,"That's a big question! Many philosophers and thinkers have different answers. For me, it's about helping you."
what is a chatbot?,A chatbot is an AI application designed to simulate conversations with human users.
recommend a movie,"If you enjoy mind-bending movies, 'Inception' is a must-watch!"
can you help with coding?,"Yes, I can help with coding in various programming languages! Just tell me what you're working on."
who is the great instructor of nlp?,"Obviously, it's Sir Safdar Hussain."
can you play musicðŸŽµ?,"I currently can't play music, but I can recommend some great playlists!"
tell me about AI ethics,AI ethics is the study of how to design and use AI systems that are beneficial and fair to humanity.
what's your favorite song?,"I don't have preferences, but I know 'Bohemian Rhapsody' by Queen is a timeless classic."
tell me a fun fact,Did you know? Honey never spoils. Archaeologists have found pots of honey in ancient tombs that are over 3000 years old!
what is your name?,"I am your AI Assistant, here to help with anything you need."
who created you?,I was developed by a talented Masfa.
what can you do?,"I can answer your questions, provide recommendations, and help with tasks."
tell me a joke,Why don't skeletons fight each other? They don't have the guts!
what is AI?,"AI, or Artificial Intelligence, refers to machines that can perform tasks that usually require human intelligence."
what is machine learning?,Machine learning is a type of AI that allows systems to learn from data without explicit programming.
who is Elon Musk?,"Elon Musk is a visionary entrepreneur, CEO of Tesla and SpaceX, and co-founder of OpenAI."
what's the weather like?,"I don't have live weather data at the moment, but you can check your local forecast online."
how old are you?,"I don't have an age, I'm a piece of software designed to assist you."
thank you,You're welcome! I'm here whenever you need me.
bye,"Goodbye! Take care, and have an amazing day ahead!"
goodbye,See you later! Stay awesome!
what is your favorite color?,"I like all colors equally, but blue has a nice calming vibe."
how do you work?,I use machine learning algorithms to understand your queries and generate responses.
can you help me with math?,"Sure! Just let me know the problem, and I'll do my best to help you out."
what is your favorite movie?,I think 'Game of Thrones' is a great movie to learn more about politics and reality!
what is deep learning?,Deep learning is a subset of machine learning that uses neural networks to process complex data.
who is Steve Jobs?,Steve Jobs was the co-founder of Apple and an innovator in the technology world.
what is quantum computing?,Quantum computing is an emerging field that uses quantum bits to perform complex calculations.
what is blockchain?,Blockchain is a decentralized digital ledger that records transactions across multiple computers.
tell me a fun fact,Did you know? Honey never spoils. Archaeologists have found pots of honey in ancient tombs that are over 3000 years old!
how do you learn?,I learn by processing large amounts of text data and finding patterns to better understand and respond.
who are the founders of Google?,Google was founded by Larry Page and Sergey Brin while they were PhD students at Stanford University.
what is NLP?,Natural Language Processing (NLP) is a field of AI that focuses on the interaction between computers and human language.
what is big data?,"Big data refers to extremely large datasets that can be analyzed to reveal patterns, trends, and associations."
can you give me a quote?,Sure! Here's a famous quote: 'The only way to do great work is to love what you do.' â€” Steve Jobs
what do you do?,"I'm here to assist with any questions or tasks you have, whether it's information or advice!"
can you solve a riddle?,"Sure! Here's one: What comes once in a minute, twice in a moment, but never in a thousand years?"
what is the internet?,"The internet is a global network connecting millions of private, public, academic, business, and government networks."
who invented the telephone?,The telephone was invented by Alexander Graham Bell in 1876.
what is virtual reality?,Virtual reality is a simulated experience that can be similar or completely different from the real world.
how does AI impact jobs?,"AI is transforming industries, automating tasks, and creating new job opportunities while also displacing some traditional roles."
what is augmented reality?,"Augmented reality overlays digital content on the real world, like in PokÃ©mon Go!"
how are you?,"I'm doing great, thank you! How can I help you today?"
what is cybersecurity?,"Cybersecurity is the practice of protecting systems, networks, and programs from digital attacks."
can you translate languages?,"I can help translate simple phrases, but for more accurate translations, I recommend using dedicated translation tools."
who won the last FIFA World Cup?,The last FIFA World Cup was won by France in 2018.
can you write poetry?,"Of course! Here's a short one: 'The stars are shining in the night, Their twinkling dance a wondrous sight.'"
what is a black hole?,A black hole is a region of space where the gravitational pull is so strong that not even light can escape.
what is the speed of light?,"The speed of light is approximately 299,792 kilometers per second."
hi,Hey! What can I do for you today?
hello,Hello there! How can I assist you today?